rank,url,page_title,tag,heading_text,parent_h2,order
1,manual://test-plan,150cc バイク おすすめ テスト構成,h2,150ccバイクとは？125cc・250ccとの違い,,1
1,manual://test-plan,150cc バイク おすすめ テスト構成,h3,125ccとの違い,150ccバイクとは？125cc・250ccとの違い,2
1,manual://test-plan,150cc バイク おすすめ テスト構成,h3,250ccとの違い,150ccバイクとは？125cc・250ccとの違い,3
1,manual://test-plan,150cc バイク おすすめ テスト構成,h3,免許区分と登録区分の基本,150ccバイクとは？125cc・250ccとの違い,4
1,manual://test-plan,150cc バイク おすすめ テスト構成,h2,150ccバイクのメリット,,5
1,manual://test-plan,150cc バイク おすすめ テスト構成,h2,150ccバイクのデメリットと注意点,,6
1,manual://test-plan,150cc バイク おすすめ テスト構成,h2,150ccバイクのおすすめ車種,,7
1,manual://test-plan,150cc バイク おすすめ テスト構成,h3,ホンダ PCX160,150ccバイクのおすすめ車種,8
1,manual://test-plan,150cc バイク おすすめ テスト構成,h3,ホンダ ADV160,150ccバイクのおすすめ車種,9
1,manual://test-plan,150cc バイク おすすめ テスト構成,h3,ヤマハ NMAX155,150ccバイクのおすすめ車種,10
1,manual://test-plan,150cc バイク おすすめ テスト構成,h3,スズキ ジクサー150,150ccバイクのおすすめ車種,11
1,manual://test-plan,150cc バイク おすすめ テスト構成,h3,ヤマハ トリシティ155,150ccバイクのおすすめ車種,12
1,manual://test-plan,150cc バイク おすすめ テスト構成,h3,ヤマハ XSR155,150ccバイクのおすすめ車種,13
1,manual://test-plan,150cc バイク おすすめ テスト構成,h3,カワサキ KLX150系,150ccバイクのおすすめ車種,14
1,manual://test-plan,150cc バイク おすすめ テスト構成,h2,用途別に見る150ccバイクの選び方,,15
1,manual://test-plan,150cc バイク おすすめ テスト構成,h3,通勤向けおすすめ,用途別に見る150ccバイクの選び方,16
1,manual://test-plan,150cc バイク おすすめ テスト構成,h3,街乗り向けおすすめ,用途別に見る150ccバイクの選び方,17
1,manual://test-plan,150cc バイク おすすめ テスト構成,h3,ツーリング向けおすすめ,用途別に見る150ccバイクの選び方,18
1,manual://test-plan,150cc バイク おすすめ テスト構成,h3,スクーター系おすすめ,用途別に見る150ccバイクの選び方,19
1,manual://test-plan,150cc バイク おすすめ テスト構成,h3,MT・ネイキッド系おすすめ,用途別に見る150ccバイクの選び方,20
1,manual://test-plan,150cc バイク おすすめ テスト構成,h3,オフロード・アドベンチャー系おすすめ,用途別に見る150ccバイクの選び方,21
1,manual://test-plan,150cc バイク おすすめ テスト構成,h2,150ccバイクを購入する前に確認したいポイント,,22
1,manual://test-plan,150cc バイク おすすめ テスト構成,h3,必要な免許を確認する,150ccバイクを購入する前に確認したいポイント,23
1,manual://test-plan,150cc バイク おすすめ テスト構成,h3,高速道路や自動車専用道路の使い方を確認する,150ccバイクを購入する前に確認したいポイント,24
1,manual://test-plan,150cc バイク おすすめ テスト構成,h3,維持費と保険を確認する,150ccバイクを購入する前に確認したいポイント,25
1,manual://test-plan,150cc バイク おすすめ テスト構成,h3,新車と中古のどちらで買うか決める,150ccバイクを購入する前に確認したいポイント,26
1,manual://test-plan,150cc バイク おすすめ テスト構成,h3,150ccバイクが向いている人・向いていない人,150ccバイクを購入する前に確認したいポイント,27
1,manual://test-plan,150cc バイク おすすめ テスト構成,h2,150ccバイクに関するよくある質問,,28
1,manual://test-plan,150cc バイク おすすめ テスト構成,h3,150ccバイクは高速道路を走れますか？,150ccバイクに関するよくある質問,29
1,manual://test-plan,150cc バイク おすすめ テスト構成,h3,150ccバイクは普通自動車免許で乗れますか？,150ccバイクに関するよくある質問,30
1,manual://test-plan,150cc バイク おすすめ テスト構成,h3,150ccバイクはファミリーバイク特約を使えますか？,150ccバイクに関するよくある質問,31
1,manual://test-plan,150cc バイク おすすめ テスト構成,h3,150ccバイクに車検はありますか？,150ccバイクに関するよくある質問,32
1,manual://test-plan,150cc バイク おすすめ テスト構成,h3,150ccバイクは初心者にもおすすめですか？,150ccバイクに関するよくある質問,33
1,manual://test-plan,150cc バイク おすすめ テスト構成,h3,中古の150ccバイクを買うときの注意点は？,150ccバイクに関するよくある質問,34
1,manual://test-plan,150cc バイク おすすめ テスト構成,h2,まとめ：150ccバイクは軽さと実用性を重視する人におすすめ,,35
